<br />
<b>Warning</b>:  Undefined array key "use-forms" in <b>C:\laragon\www\promosi-jasa-pemasangan-cctv\wp-content\plugins\simply-static-pro\src\form\class-ssp-form-settings.php</b> on line <b>42</b><br />
<br />
<b>Warning</b>:  Undefined array key "use-forms" in <b>C:\laragon\www\promosi-jasa-pemasangan-cctv\wp-content\plugins\simply-static-pro\src\form\class-ssp-form-webhook.php</b> on line <b>39</b><br />
<?xml version="1.0" encoding="UTF-8"?><rss version="2.0"
	xmlns:content="http://purl.org/rss/1.0/modules/content/"
	xmlns:dc="http://purl.org/dc/elements/1.1/"
	xmlns:atom="http://www.w3.org/2005/Atom"
	xmlns:sy="http://purl.org/rss/1.0/modules/syndication/"
	
	>
<channel>
	<title>
	Comments for 	</title>
	<atom:link href="/comments/feed" rel="self" type="application/rss+xml" />
	<link>/</link>
	<description></description>
	<lastBuildDate>Mon, 17 Apr 2023 03:28:35 +0000</lastBuildDate>
	<sy:updatePeriod>
	hourly	</sy:updatePeriod>
	<sy:updateFrequency>
	1	</sy:updateFrequency>
	<generator>https://wordpress.org/?v=6.2</generator>
</channel>
</rss>
